{
  "transformer": {
    "archetype": {
      "high_obligation": {
        "auc": 0.9175049358516201,
        "precision": 0.7952380952380952,
        "recall": 0.6653386454183267,
        "f1": 0.7245119305856833,
        "accuracy": 0.9492608869356772,
        "threshold": 0.6500000000000001,
        "fpr": 0.019094138543516874,
        "support": 2503
      },
      "near_distress": {
        "auc": 0.8874550106036666,
        "precision": 0.6269284712482468,
        "recall": 0.6367521367521367,
        "f1": 0.6318021201413427,
        "accuracy": 0.7936633663366337,
        "threshold": 0.6500000000000001,
        "fpr": 0.14591332967635764,
        "support": 2525
      },
      "rising_utilization": {
        "auc": 0.910474707609643,
        "precision": 0.5213270142180095,
        "recall": 0.6606606606606606,
        "f1": 0.5827814569536424,
        "accuracy": 0.8738486183420104,
        "threshold": 0.6500000000000001,
        "fpr": 0.0933456561922366,
        "support": 2497
      },
      "stable_salaried": {
        "auc": 0.5569509943638743,
        "precision": 0.0,
        "recall": 0.0,
        "f1": 0.0,
        "accuracy": 0.912667191188041,
        "threshold": 0.6500000000000001,
        "fpr": 0.00043084877208099956,
        "support": 2542
      },
      "volatile_income": {
        "auc": 0.7997315741922959,
        "precision": 0.5950095969289827,
        "recall": 0.5615942028985508,
        "f1": 0.5778191985088537,
        "accuracy": 0.8182912154031288,
        "threshold": 0.6500000000000001,
        "fpr": 0.10870685213807316,
        "support": 2493
      }
    },
    "income_band": {
      "low": {
        "auc": 0.7476233904414479,
        "precision": 0.3438077634011091,
        "recall": 0.5210084033613446,
        "f1": 0.4142538975501114,
        "accuracy": 0.6806314511232544,
        "threshold": 0.6500000000000001,
        "fpr": 0.2751937984496124,
        "support": 1647
      },
      "middle": {
        "auc": 0.8490065166388111,
        "precision": 0.6709601873536299,
        "recall": 0.5190217391304348,
        "f1": 0.585291113381001,
        "accuracy": 0.8778028592927013,
        "threshold": 0.6500000000000001,
        "fpr": 0.05071286771340913,
        "support": 6645
      },
      "upper_middle": {
        "auc": 0.7984314199010325,
        "precision": 0.815677966101695,
        "recall": 0.6438127090301003,
        "f1": 0.719626168224299,
        "accuracy": 0.92970946579194,
        "threshold": 0.6500000000000001,
        "fpr": 0.023705722070844686,
        "support": 4268
      }
    },
    "employment_type": {
      "contract": {
        "auc": 0.865135522735217,
        "precision": 0.7251082251082251,
        "recall": 0.6686626746506986,
        "f1": 0.6957424714434061,
        "accuracy": 0.8299477655252466,
        "threshold": 0.6500000000000001,
        "fpr": 0.1039279869067103,
        "support": 1723
      },
      "full_time": {
        "auc": 0.7991732734901371,
        "precision": 0.7010869565217391,
        "recall": 0.524390243902439,
        "f1": 0.6,
        "accuracy": 0.8669760247486465,
        "threshold": 0.6500000000000001,
        "fpr": 0.05253104106972302,
        "support": 3879
      },
      "gig": {
        "auc": 0.5,
        "precision": 0.0,
        "recall": 0.0,
        "f1": 0.0,
        "accuracy": 0.8849294729027468,
        "threshold": 0.6500000000000001,
        "fpr": 0.11507052709725316,
        "support": 1347
      },
      "government": {
        "auc": 0.5,
        "precision": 0.0,
        "recall": 0.0,
        "f1": 0.0,
        "accuracy": 1.0,
        "threshold": 0.6500000000000001,
        "fpr": 0.0,
        "support": 285
      },
      "professional": {
        "auc": 0.6572245958103555,
        "precision": 0.0,
        "recall": 0.0,
        "f1": 0.0,
        "accuracy": 0.9209302325581395,
        "threshold": 0.6500000000000001,
        "fpr": 0.0012610340479192938,
        "support": 860
      },
      "self_employed": {
        "auc": 0.6906208701920341,
        "precision": 0.313953488372093,
        "recall": 0.32335329341317365,
        "f1": 0.3185840707964602,
        "accuracy": 0.7926391382405745,
        "threshold": 0.6500000000000001,
        "fpr": 0.1246040126715945,
        "support": 1114
      },
      "service": {
        "auc": 0.9371370789622403,
        "precision": 0.700952380952381,
        "recall": 0.6279863481228669,
        "f1": 0.6624662466246625,
        "accuracy": 0.888126491646778,
        "threshold": 0.6500000000000001,
        "fpr": 0.05676066522053507,
        "support": 3352
      }
    },
    "region": {
      "central": {
        "auc": 0.8227101179391683,
        "precision": 0.6814404432132964,
        "recall": 0.5466666666666666,
        "f1": 0.6066584463625154,
        "accuracy": 0.8575892857142857,
        "threshold": 0.6500000000000001,
        "fpr": 0.06424581005586592,
        "support": 2240
      },
      "east": {
        "auc": 0.7661860944273597,
        "precision": 0.6583850931677019,
        "recall": 0.4690265486725664,
        "f1": 0.5478036175710594,
        "accuracy": 0.8585858585858586,
        "threshold": 0.6500000000000001,
        "fpr": 0.05437469105289174,
        "support": 2475
      },
      "north": {
        "auc": 0.7113896362201599,
        "precision": 0.2600732600732601,
        "recall": 0.22468354430379747,
        "f1": 0.24108658743633277,
        "accuracy": 0.8538738149722132,
        "threshold": 0.6500000000000001,
        "fpr": 0.07364199781261392,
        "support": 3059
      },
      "south": {
        "auc": 0.8433492715380699,
        "precision": 0.9487179487179487,
        "recall": 0.46540880503144655,
        "f1": 0.6244725738396625,
        "accuracy": 0.9198198198198199,
        "threshold": 0.6500000000000001,
        "fpr": 0.004206098843322818,
        "support": 1110
      },
      "west": {
        "auc": 0.9397580596187487,
        "precision": 0.6494597839135654,
        "recall": 0.7932551319648093,
        "f1": 0.7141914191419142,
        "accuracy": 0.8822089227421109,
        "threshold": 0.6500000000000001,
        "fpr": 0.09752839011356046,
        "support": 3676
      }
    },
    "risk_segment": {
      "burdened": {
        "auc": 0.9175049358516201,
        "precision": 0.7952380952380952,
        "recall": 0.6653386454183267,
        "f1": 0.7245119305856833,
        "accuracy": 0.9492608869356772,
        "threshold": 0.6500000000000001,
        "fpr": 0.019094138543516874,
        "support": 2503
      },
      "elevated": {
        "auc": 0.8874550106036666,
        "precision": 0.6269284712482468,
        "recall": 0.6367521367521367,
        "f1": 0.6318021201413427,
        "accuracy": 0.7936633663366337,
        "threshold": 0.6500000000000001,
        "fpr": 0.14591332967635764,
        "support": 2525
      },
      "emerging_risk": {
        "auc": 0.5545576244371425,
        "precision": 0.0,
        "recall": 0.0,
        "f1": 0.0,
        "accuracy": 0.856401384083045,
        "threshold": 0.6500000000000001,
        "fpr": 0.0,
        "support": 578
      },
      "income_volatility": {
        "auc": 0.7997315741922959,
        "precision": 0.5950095969289827,
        "recall": 0.5615942028985508,
        "f1": 0.5778191985088537,
        "accuracy": 0.8182912154031288,
        "threshold": 0.6500000000000001,
        "fpr": 0.10870685213807316,
        "support": 2493
      },
      "stable": {
        "auc": 0.5388907408289284,
        "precision": 0.0,
        "recall": 0.0,
        "f1": 0.0,
        "accuracy": 0.9292260692464358,
        "threshold": 0.6500000000000001,
        "fpr": 0.000547645125958379,
        "support": 1964
      },
      "watchlist": {
        "auc": 0.910474707609643,
        "precision": 0.5213270142180095,
        "recall": 0.6606606606606606,
        "f1": 0.5827814569536424,
        "accuracy": 0.8738486183420104,