{
  "transformer": {
    "archetype": {
      "high_obligation": {
        "auc": 0.6697331455704713,
        "precision": 0.0,
        "recall": 0.0,
        "f1": 0.0,
        "accuracy": 0.8997203355972833,
        "threshold": 0.2,
        "fpr": 0.0,
        "support": 2503
      },
      "near_distress": {
        "auc": 0.4819429011694508,
        "precision": 0.0,
        "recall": 0.0,
        "f1": 0.0,
        "accuracy": 0.721980198019802,
        "threshold": 0.2,
        "fpr": 0.0,
        "support": 2525
      },
      "rising_utilization": {
        "auc": 0.46911930414703057,
        "precision": 0.0,
        "recall": 0.0,
        "f1": 0.0,
        "accuracy": 0.8666399679615538,
        "threshold": 0.2,
        "fpr": 0.0,
        "support": 2497
      },
      "stable_salaried": {
        "auc": 0.5839969899072213,
        "precision": 0.0,
        "recall": 0.0,
        "f1": 0.0,
        "accuracy": 0.9130605822187254,
        "threshold": 0.2,
        "fpr": 0.0,
        "support": 2542
      },
      "volatile_income": {
        "auc": 0.5975680211156658,
        "precision": 0.0,
        "recall": 0.0,
        "f1": 0.0,
        "accuracy": 0.7785800240673887,
        "threshold": 0.2,
        "fpr": 0.0,
        "support": 2493
      }
    },
    "income_band": {
      "low": {
        "auc": 0.5782294313074068,
        "precision": 0.0,
        "recall": 0.0,
        "f1": 0.0,
        "accuracy": 0.7832422586520947,
        "threshold": 0.2,
        "fpr": 0.0,
        "support": 1647
      },
      "middle": {
        "auc": 0.541548558309728,
        "precision": 0.0,
        "recall": 0.0,
        "f1": 0.0,
        "accuracy": 0.8338600451467268,
        "threshold": 0.2,
        "fpr": 0.0,
        "support": 6645
      },
      "upper_middle": {
        "auc": 0.5522046695160071,
        "precision": 0.0,
        "recall": 0.0,
        "f1": 0.0,
        "accuracy": 0.8598875351452671,
        "threshold": 0.2,
        "fpr": 0.0,
        "support": 4268
      }
    },
    "employment_type": {
      "contract": {
        "auc": 0.5674134545965352,
        "precision": 0.0,
        "recall": 0.0,
        "f1": 0.0,
        "accuracy": 0.7092280905397562,
        "threshold": 0.2,
        "fpr": 0.0,
        "support": 1723
      },
      "full_time": {
        "auc": 0.567306987141823,
        "precision": 0.0,
        "recall": 0.0,
        "f1": 0.0,
        "accuracy": 0.8097447795823666,
        "threshold": 0.2,
        "fpr": 0.0,
        "support": 3879
      },
      "gig": {
        "auc": 0.5,
        "precision": 0.0,
        "recall": 0.0,
        "f1": 0.0,
        "accuracy": 1.0,
        "threshold": 0.2,
        "fpr": 0.0,
        "support": 1347
      },
      "government": {
        "auc": 0.5,
        "precision": 0.0,
        "recall": 0.0,
        "f1": 0.0,
        "accuracy": 1.0,
        "threshold": 0.2,
        "fpr": 0.0,
        "support": 285
      },
      "professional": {
        "auc": 0.640388850200448,
        "precision": 0.0,
        "recall": 0.0,
        "f1": 0.0,
        "accuracy": 0.922093023255814,
        "threshold": 0.2,
        "fpr": 0.0,
        "support": 860
      },
      "self_employed": {
        "auc": 0.5193994271225237,
        "precision": 0.0,
        "recall": 0.0,
        "f1": 0.0,
        "accuracy": 0.8500897666068222,
        "threshold": 0.2,
        "fpr": 0.0,
        "support": 1114
      },
      "service": {
        "auc": 0.5415836868458784,
        "precision": 0.0,
        "recall": 0.0,
        "f1": 0.0,
        "accuracy": 0.8251789976133651,
        "threshold": 0.2,
        "fpr": 0.0,
        "support": 3352
      }
    },
    "region": {
      "central": {
        "auc": 0.5836933581626319,
        "precision": 0.0,
        "recall": 0.0,
        "f1": 0.0,
        "accuracy": 0.7991071428571429,
        "threshold": 0.2,
        "fpr": 0.0,
        "support": 2240
      },
      "east": {
        "auc": 0.502970813520619,
        "precision": 0.0,
        "recall": 0.0,
        "f1": 0.0,
        "accuracy": 0.8173737373737374,
        "threshold": 0.2,
        "fpr": 0.0,
        "support": 2475
      },
      "north": {
        "auc": 0.597287341310678,
        "precision": 0.0,
        "recall": 0.0,
        "f1": 0.0,
        "accuracy": 0.8966982674076496,
        "threshold": 0.2,
        "fpr": 0.0,
        "support": 3059
      },
      "south": {
        "auc": 0.3884987004741781,
        "precision": 0.0,
        "recall": 0.0,
        "f1": 0.0,
        "accuracy": 0.8567567567567568,
        "threshold": 0.2,
        "fpr": 0.0,
        "support": 1110
      },
      "west": {
        "auc": 0.5676027029621314,
        "precision": 0.0,
        "recall": 0.0,
        "f1": 0.0,
        "accuracy": 0.8144722524483133,
        "threshold": 0.2,
        "fpr": 0.0,
        "support": 3676
      }
    },
    "risk_segment": {
      "burdened": {
        "auc": 0.6697331455704713,
        "precision": 0.0,
        "recall": 0.0,
        "f1": 0.0,
        "accuracy": 0.8997203355972833,
        "threshold": 0.2,
        "fpr": 0.0,
        "support": 2503
      },
      "elevated": {
        "auc": 0.4819429011694508,
        "precision": 0.0,
        "recall": 0.0,
        "f1": 0.0,
        "accuracy": 0.721980198019802,
        "threshold": 0.2,
        "fpr": 0.0,
        "support": 2525
      },
      "emerging_risk": {
        "auc": 0.5173420956553487,
        "precision": 0.0,
        "recall": 0.0,
        "f1": 0.0,
        "accuracy": 0.856401384083045,
        "threshold": 0.2,
        "fpr": 0.0,
        "support": 578
      },
      "income_volatility": {
        "auc": 0.5975680211156658,
        "precision": 0.0,
        "recall": 0.0,
        "f1": 0.0,
        "accuracy": 0.7785800240673887,
        "threshold": 0.2,
        "fpr": 0.0,
        "support": 2493
      },
      "stable": {
        "auc": 0.5818848516596028,
        "precision": 0.0,
        "recall": 0.0,
        "f1": 0.0,
        "accuracy": 0.929735234215886,
        "threshold": 0.2,
        "fpr": 0.0,
        "support": 1964
      },
      "watchlist": {
        "auc": 0.46911930414703057,
        "precision": 0.0,
        "recall": 0.0,
        "f1": 0.0,
        "accuracy": 0.8666399679615538,
        "threshold": 0.2,
        "fpr": 0.0,
        "support": 2497
      }
    }
  },
  "lstm": {
    "archetype": {
      "high_obligation": {
        "auc": 0.8458315936962629,
        "precision": 0.8058823529411765,
        "recall": 0.545816733067729,
        "f1": 0.6508313539192399,
        "accuracy": 0.9412704754294846,
        "threshold": 0.7250000000000001,
        "fpr": 0.014653641207815276,
        "support": 2503
      },
      "near_distress": {
        "auc": 0.8824524554091202,
        "precision": 0.8660714285714286,
        "recall": 0.5527065527065527,
        "f1": 0.6747826086956522,
        "accuracy": 0.8518811881188119,
        "threshold": 0.7250000000000001,
        "fpr": 0.03291278113000549,
        "support": 2525
      },
      "rising_utilization": {
        "auc": 0.6587248061370058,
        "precision": 0.3272058823529412,
        "recall": 0.2672672672672673,
        "f1": 0.29421487603305785,
        "accuracy": 0.828994793752503,
        "threshold": 0.7250000000000001,
        "fpr": 0.08456561922365989,
        "support": 2497
      },
      "stable_salaried": {
        "auc": 0.745779729052659,
        "precision": 0.0,
        "recall": 0.0,
        "f1": 0.0,
        "accuracy": 0.9118804091266719,
        "threshold": 0.7250000000000001,
        "fpr": 0.0012925463162429987,
        "support": 2542
      },
      "volatile_income": {
        "auc": 0.805956420939453,
        "precision": 0.715625,
        "recall": 0.4148550724637681,
        "f1": 0.5252293577981652,
        "accuracy": 0.8339350180505415,
        "threshold": 0.7250000000000001,
        "fpr": 0.04688304997424008,