{
    "transformer": {
        "validation": {
            "auc": 0.562790480852155,
            "precision": 0.31626506024096385,
            "recall": 1.0,
            "f1": 0.4805491990846682,
            "accuracy": 0.31626506024096385,
            "threshold": 0.2
        },
        "test": {
            "auc": 0.6895002258015956,
            "precision": 0.18966064065968918,
            "recall": 1.0,
            "f1": 0.31884830711810186,
            "accuracy": 0.18966064065968918,
            "threshold": 0.2
        }
    },
    "lstm": {
        "validation": {
            "auc": 0.5690689850748588,
            "precision": 0.3482266236757255,
            "recall": 0.8,
            "f1": 0.4852374839537869,
            "accuracy": 0.46318607764390896,
            "threshold": 0.4750000000000001
        },
        "test": {
            "auc": 0.5867418465989043,
            "precision": 0.21517857142857144,
            "recall": 0.8060200668896321,
            "f1": 0.33967582804792107,
            "accuracy": 0.4056454170631145,
            "threshold": 0.4750000000000001
        }
    }
}