{
    "transformer": {
        "validation": {
            "auc": 0.7157936372228663,
            "precision": 0.3742463393626184,
            "recall": 0.6115411681914145,
            "f1": 0.4643334223884585,
            "accuracy": 0.8367529718286923,
            "threshold": 0.42500000000000004
        },
        "test": {
            "auc": 0.7069553308533257,
            "precision": 0.33052708638360173,
            "recall": 0.675392670157068,
            "f1": 0.44384369623986236,
            "accuracy": 0.8155513896813106,
            "threshold": 0.42500000000000004
        }
    },
    "lstm": {
        "validation": {
            "auc": 0.7402009630879773,
            "precision": 0.46672504378283713,
            "recall": 0.3750879662209711,
            "f1": 0.41591884510339444,
            "accuracy": 0.878114313629702,
            "threshold": 0.5750000000000001
        },
        "test": {
            "auc": 0.8089584050009565,
            "precision": 0.5975820379965457,
            "recall": 0.5175766641735228,
            "f1": 0.5547094188376753,
            "accuracy": 0.9094465726628087,
            "threshold": 0.5750000000000001
        }
    }
}