{
  "transformer": {
    "validation": {
      "auc": 0.5520278294628465,
      "precision": 0.0,
      "recall": 0.0,
      "f1": 0.0,
      "accuracy": 0.8155783731750361,
      "threshold": 0.2
    },
    "test": {
      "auc": 0.5610533912008843,
      "precision": 0.0,
      "recall": 0.0,
      "f1": 0.0,
      "accuracy": 0.8360668789808917,
      "threshold": 0.2
    }
  },
  "lstm": {
    "validation": {
      "auc": 0.7899780708706574,
      "precision": 0.846218487394958,
      "recall": 0.4380165289256198,
      "f1": 0.5772427629693322,
      "accuracy": 0.8816781646077331,
      "threshold": 0.7250000000000001
    },
    "test": {
      "auc": 0.8084376339374973,
      "precision": 0.6949711459192086,
      "recall": 0.409422049538611,
      "f1": 0.5152811735941321,
      "accuracy": 0.8737261146496815,
      "threshold": 0.7250000000000001
    }
  }
}