{
  "transformer": {
    "validation": {
      "auc": 0.8581356633477131,
      "precision": 0.7950169875424689,
      "recall": 0.6107003044802087,
      "f1": 0.6907749077490775,
      "accuracy": 0.8991657307877426,
      "threshold": 0.6500000000000001
    },
    "test": {
      "auc": 0.834210312956619,
      "precision": 0.612747723620782,
      "recall": 0.55560951918407,
      "f1": 0.5827814569536424,
      "accuracy": 0.8695859872611464,
      "threshold": 0.6500000000000001
    }
  },
  "lstm": {
    "validation": {
      "auc": 0.796908697393802,
      "precision": 0.7901430842607313,
      "recall": 0.432361896476729,
      "f1": 0.5588979477087433,
      "accuracy": 0.8741376544200224,
      "threshold": 0.55
    },
    "test": {
      "auc": 0.8126065516367252,
      "precision": 0.6457564575645757,
      "recall": 0.4249635745507528,
      "f1": 0.5125951962507322,
      "accuracy": 0.867515923566879,
      "threshold": 0.55
    }
  }
}